AA,value1,value2
TW,,
GS,,
MY,,
LW,,
NS,,
GK,,
EW,,
NR,,
WW,,
FG,,
HY,,
LM,,
RW,,
LS,,
MM,,
CI,,
KR,,
AH,,
TV,,
DT,,
RY,,
DK,,
FL,,
IT,,
KW,,
DE,,
GY,,
AL,,
IM,,
HP,,
FV,,
AA,,
AD,,
SV,,
KM,,
HW,,
MW,,
QQ,,
CN,,
LP,,
CL,,
IS,,
EL,,
HV,,
ET,,
CT,,
CY,,
AG,,
TY,,
EY,,
DF,,
AV,,
DI,,
NT,,
DG,,
SY,,
HL,,
KS,,
MV,,
EN,,
MP,,
AK,,
IP,,
CH,,
FK,,
GH,,
LT,,
QW,,
FM,,
QT,,
HQ,,
VW,,
PY,,
FY,,
DN,,
AN,,
IL,,
HR,,
AY,,
DR,,
DQ,,
LN,,
AQ,,
KK,,
DD,,
PR,,
CM,,
GN,,
FF,,
AE,,
NN,,
DL,,
RT,,
NW,,
PV,,
MS,,
LR,,
EF,,
II,,
CP,,
KT,,
DP,,
HK,,
CD,,
KP,,
AW,,
SS,,
LL,,
QV,,
NP,,
EE,,
FH,,
EH,,
FR,,
EV,,
HI,,
EK,,
FS,,
ES,,
QS,,
PT,,
RS,,
DS,,
AI,,
IQ,,
EQ,,
IW,,
KL,,
HM,,
HN,,
VY,,
FT,,
PW,,
YY,,
CG,,
GL,,
DH,,
FP,,
NY,,
GW,,
CR,,
GG,,
EP,,
AP,,
AT,,
GM,,
AC,,
GT,,
FN,,
PS,,
SW,,
EI,,
ER,,
KN,,
CF,,
VV,,
CQ,,
LQ,,
HH,,
IY,,
LV,,
EM,,
